chrom	pos	ref	alt	clin_sig	mole_conseq	priority_level
Y	634644	G	T	pathogenic	nonsense	high priority
Y	641037	C	T	pathogenic	nonsense	high priority
Y	641051	C	G	pathogenic	nonsense	high priority
Y	634689	CAG	C	pathogenic	frameshift variant	high priority
Y	644469	TAC	AG	pathogenic	frameshift variant,intron variant	high priority
Y	640879	G	A	pathogenic	splice donor variant	high priority
Y	634734	C	G	pathogenic	missense variant	high priority
Y	640836	C	T	pathogenic	missense variant	high priority
Y	640842	G	C	pathogenic	missense variant	high priority
Y	640843	C	A	pathogenic	missense variant	high priority
Y	640851	C	T	pathogenic	missense variant	high priority
Y	640862	G	C	pathogenic	missense variant	high priority
Y	1290449	G	A	pathogenic	missense variant,non-coding transcript variant	high priority
Y	624388	T	TTTG	pathogenic	5 prime UTR variant	high priority
Y	634798	G	T	likely pathogenic	missense variant	high priority
Y	630983	A	C	conflicting classifications of pathogenicity	missense variant	medium priority
Y	634780	G	A	conflicting classifications of pathogenicity	missense variant	medium priority
Y	641031	G	A	conflicting classifications of pathogenicity	missense variant	medium priority
Y	644455	C	T	conflicting classifications of pathogenicity	missense variant,intron variant	medium priority
Y	658804	G	A	conflicting classifications of pathogenicity	missense variant	medium priority
Y	630981	TAAG	T	conflicting classifications of pathogenicity	inframe_deletion	medium priority
Y	644384	C	T	conflicting classifications of pathogenicity	intron variant	medium priority
Y	644459	G	A	conflicting classifications of pathogenicity	synonymous variant,intron variant	medium priority
Y	644480	C	T	conflicting classifications of pathogenicity	synonymous variant,intron variant	medium priority
Y	1300601	C	T	conflicting classifications of pathogenicity	synonymous variant,intron variant	medium priority
Y	631041	G	A	conflicting classifications of pathogenicity	synonymous variant	medium priority
Y	634619	G	T	conflicting classifications of pathogenicity	synonymous variant	medium priority
Y	630843	C	T	conflicting classifications of pathogenicity	5 prime UTR variant	medium priority
Y	630887	CG	C	conflicting classifications of pathogenicity	5 prime UTR variant	medium priority
Y	1623156	C	A	uncertain significance	nonsense	medium priority
Y	644634	T	C	uncertain significance	stop lost,intron variant	medium priority
Y	631133	A	T	uncertain significance	missense variant	medium priority
Y	634687	A	G	uncertain significance	missense variant	medium priority
Y	634702	G	C	uncertain significance	missense variant	medium priority
Y	634719	G	C	uncertain significance	missense variant	medium priority
Y	634777	T	C	uncertain significance	missense variant	medium priority
Y	640862	G	T	uncertain significance	missense variant	medium priority
Y	640877	A	C	uncertain significance	missense variant	medium priority
Y	644397	G	A	uncertain significance	missense variant,intron variant	medium priority
Y	644478	T	C	uncertain significance	missense variant,intron variant	medium priority
Y	644560	A	G	uncertain significance	missense variant,intron variant	medium priority
Y	644586	G	A	uncertain significance	missense variant,intron variant	medium priority
Y	1285892	A	G	uncertain significance	missense variant,non-coding transcript variant,intron variant	medium priority
Y	1290393	G	A	uncertain significance	missense variant,non-coding transcript variant	medium priority
Y	1294349	A	G	uncertain significance	missense variant,non-coding transcript variant,intron variant	medium priority
Y	1294357	G	A	uncertain significance	missense variant,synonymous variant,non-coding transcript variant,intron variant	medium priority
Y	1294373	C	T	uncertain significance	missense variant,non-coding transcript variant,intron variant	medium priority
Y	1294387	C	T	uncertain significance	missense variant,synonymous variant,non-coding transcript variant,intron variant	medium priority
Y	1303982	C	G	uncertain significance	missense variant,non-coding transcript variant,intron variant	medium priority
Y	1303992	G	T	uncertain significance	missense variant,non-coding transcript variant,intron variant	medium priority
Y	1309486	G	A	uncertain significance	3 prime UTR variant,missense variant,non-coding transcript variant,intron variant	medium priority
Y	56960446	C	T	uncertain significance	missense variant	medium priority
Y	630957	CGGCGGA	C	uncertain significance	inframe_deletion	medium priority
Y	630382	C	G	uncertain significance	intron variant	medium priority
Y	630421	C	T	uncertain significance	intron variant	medium priority
Y	644677	C	A	uncertain significance	3 prime UTR variant,intron variant	medium priority
Y	644919	A	AAG	uncertain significance	3 prime UTR variant,intron variant	medium priority
Y	640862	G	None	uncertain significance	no sequence alteration	medium priority
Y	630526	G	A	uncertain significance	5 prime UTR variant	medium priority
Y	658841	T	C	uncertain significance	3 prime UTR variant	medium priority
Y	658845	A	G	uncertain significance	3 prime UTR variant	medium priority
Y	1303973	G	A	likely benign	missense variant,non-coding transcript variant,intron variant	low priority
Y	634834	C	G	likely benign	intron variant	low priority
Y	1303948	T	G	likely benign	synonymous variant,non-coding transcript variant,intron variant	low priority
Y	1303972	C	T	likely benign	synonymous variant,non-coding transcript variant,intron variant	low priority
Y	1305535	G	A	likely benign	intron variant	low priority
Y	631017	G	A	likely benign	synonymous variant	low priority
Y	624386	C	G	likely benign	5 prime UTR variant	low priority
Y	1294453	C	CACAGAAAGGTCGGTGAG	benign	splice donor variant,intron variant	low priority
Y	641001	G	A	benign	missense variant	low priority
Y	1282753	C	G	benign	missense variant,5 prime UTR variant,non-coding transcript variant	low priority
Y	1288840	C	T	benign	missense variant,non-coding transcript variant	low priority
Y	1290354	G	A	benign	missense variant,non-coding transcript variant	low priority
Y	1305473	G	A	benign	synonymous variant,missense variant,non-coding transcript variant,intron variant	low priority
Y	1305655	G	A	benign	missense variant,intron variant	low priority
Y	1309488	G	A	benign	3 prime UTR variant,missense variant,non-coding transcript variant,intron variant	low priority
Y	1309528	G	T	benign	3 prime UTR variant,missense variant,non-coding transcript variant,intron variant	low priority
Y	630370	G	A	benign	intron variant	low priority
Y	631191	T	G	benign	intron variant	low priority
Y	634603	C	A	benign	intron variant	low priority
Y	641092	C	G	benign	intron variant	low priority
Y	644377	G	T	benign	intron variant	low priority
Y	644621	G	A	benign	synonymous variant,intron variant	low priority
Y	644627	G	A	benign	synonymous variant,intron variant	low priority
Y	1294321	G	A	benign	intron variant	low priority
Y	1303975	G	A	benign	synonymous variant,non-coding transcript variant,intron variant	low priority
Y	630960	C	T	benign	synonymous variant	low priority
Y	634740	C	A	benign	synonymous variant	low priority
Y	658808	G	A	benign	synonymous variant	low priority
Y	1288578	A	G	benign	synonymous variant,non-coding transcript variant,5 prime UTR variant	low priority
Y	1288599	T	C	benign	synonymous variant,5 prime UTR variant,non-coding transcript variant	low priority
Y	1290403	G	A	benign	synonymous variant,non-coding transcript variant	low priority
Y	1290412	G	C	benign	synonymous variant,non-coding transcript variant	low priority
Y	1290424	G	A	benign	synonymous variant,non-coding transcript variant	low priority
Y	624523	C	A	benign	5 prime UTR variant	low priority
Y	624528	G	C	benign	5 prime UTR variant	low priority
Y	630879	G	C	benign	5 prime UTR variant	low priority
Y	1196817	C	T	not provided	missense variant,non-coding transcript variant	Unknown
Y	1198571	C	T	not provided	missense variant	Unknown
Y	1202479	C	T	not provided	missense variant,non-coding transcript variant	Unknown
Y	1206513	T	C	not provided	5 prime UTR variant,missense variant,non-coding transcript variant	Unknown
Y	1206592	C	T	not provided	5 prime UTR variant,missense variant,non-coding transcript variant	Unknown
Y	1196852	A	C	unknown	Unknown	Unknown
